{"cameraMode":{"drawMode":0,"name":"Shaded","section":"Shading Mode"},"sceneLighting":true,"audioPlay":false,"sceneViewState":{"m_AlwaysRefresh":false,"showFog":true,"showSkybox":true,"showFlares":true,"showImageEffects":true,"showParticleSystems":true,"showVisualEffectGraphs":true,"m_FxEnabled":true},"in2DMode":false,"pivot":{"x":-16.349504470825197,"y":3.991901397705078,"z":86.74698638916016},"rotation":{"x":-0.009606759063899517,"y":-0.9893551468849182,"z":0.07732658833265305,"w":-0.12291224300861359},"size":40.918704986572269,"orthographic":true}